[
{"x": 0.0, "y": 0.0, "z": 0.0, "a":0.01, "b":0.01, "c":0.01, "ambient": [0.1,0.1,0.1], "diffuse": [1.0,0.0,0.0], "specular": [0.3,0.3,0.3], "n":5, "alpha": 1, "texture": "none"},
{"x": 0.0, "y": 0.0, "z": 0.0, "a":0.01, "b":0.01, "c":0.01, "ambient": [0.1,0.1,0.1], "diffuse": [1.0,1.0,0.0], "specular": [0.3,0.3,0.3], "n":5, "alpha": 1, "texture": "none"},
{"x": 0.0, "y": 0.0, "z": 0.0, "a":0.05, "b":0.05, "c":0.05, "ambient": [0.1,0.1,0.1], "diffuse": [1.0,1.0,0.0], "specular": [0.3,0.3,0.3], "n":5, "alpha": 1, "texture": "none"}
]