[
  {
	"comment": "Terrain",
    "material": {"ambient": [0.1,0.1,0.1], "diffuse": [0.2,0.6,0.2], "specular": [0.3,0.3,0.3], "n": 11, "alpha": 0.9, "texture": "none"}, 
    "vertices": [[-1.0, 0, 0],[-1.0, 0.05, 0],[2.0, 0, 0],[2.0, 0.05, 0]],
    "normals": [[0, 1, 0],[0, 1, 0],[0, 1, 0], [0, 1, 0]],
    "uvs": [[0,0], [0, 1], [1, 0], [1, 1]],
    "triangles": [[0,1,2], [2, 3, 1]]
  },
  {
	"comment": "Building",
    "material": {"ambient": [0.1,0.1,0.1], "diffuse": [0.2,0.2,0.2], "specular": [0.3,0.3,0.3], "n": 11, "alpha": 0.9, "texture": "city.jpg"}, 
    "vertices": [[-0.05, 0, -0.05], [-0.05, 0, 0.05], [0.05, 0, -0.05], [0.05, 0, 0.05], [-0.05, 0.1, -0.05], [-0.05, 0.1, 0.05], [0.05, 0.1, -0.05], [0.05, 0.1, 0.05]],
    "normals": [[-1, 0, 0],[-1, 0, 0],[1, 0, 0], [1, 0, 0], [0, 1, 0],[0, 1, 0],[0, 1, 0], [0, 1, 0]],
    "uvs": [[0.25,0], [0.25, 0.75], [0.5, 0], [0.5, 0.75], [0.25, 0.25], [0.25, 0.5], [0.5, 0.25], [0.5, 0.5]],
    "triangles": [[0,1,2], [2, 3, 1], [0, 2, 4], [2, 4, 6], [2, 3, 6], [3, 6, 7], [1, 3, 7], [1, 5, 7], [0, 1, 4], [1, 4, 5], [4, 5, 6], [5, 6, 7]]
  },
  {
	"comment": "Silo",
    "material": {"ambient": [0.1,0.1,0.1], "diffuse": [0.6,0.2,0.6], "specular": [0.3,0.3,0.3], "n": 11, "alpha": 0.9, "texture": "none"}, 
    "vertices": [[-0.05, 0, -0.05], [-0.05, 0, 0.05], [0.05, 0, -0.05], [0.05, 0, 0.05], [0, 0.1, 0]],
    "normals": [[-1, 0, -1],[-1, 0, 1],[1, 0, -1], [1, 0, 1], [0, 1, 0]],
    "uvs": [[0.25,0], [0.25, 0.75], [0.5, 0], [0.5, 0.75], [0.25, 0.25]],
    "triangles": [[0, 1, 4], [0, 2, 4], [2, 3, 4], [1, 3, 4]]
  },
  {
	"comment": "Left Silo",
    "material": {"ambient": [0.1,0.1,0.1], "diffuse": [0.6,0.2,0.6], "specular": [0.3,0.3,0.3], "n": 11, "alpha": 0.9, "texture": "none"}, 
    "vertices": [[0.95, 0, -0.05], [0.95, 0, 0.05], [0.85, 0, -0.05], [0.85, 0, 0.05], [0.9, 0.1, 0]],
    "normals": [[-1, 0, -1],[-1, 0, 1],[1, 0, -1], [1, 0, 1], [0, 1, 0]],
    "uvs": [[0.25,0], [0.25, 0.75], [0.5, 0], [0.5, 0.75], [0.25, 0.25]],
    "triangles": [[0, 1, 4], [0, 2, 4], [2, 3, 4], [1, 3, 4]]
  },
  {
	"comment": "Right Silo",
    "material": {"ambient": [0.1,0.1,0.1], "diffuse": [0.6,0.2,0.6], "specular": [0.3,0.3,0.3], "n": 11, "alpha": 0.9, "texture": "none"}, 
    "vertices": [[0.15, 0, -0.05], [0.15, 0, 0.05], [0.05, 0, -0.05], [0.05, 0, 0.05], [0.1, 0.1, 0]],
    "normals": [[-1, 0, -1],[-1, 0, 1],[1, 0, -1], [1, 0, 1], [0, 1, 0]],
    "uvs": [[0.25,0], [0.25, 0.75], [0.5, 0], [0.5, 0.75], [0.25, 0.25]],
    "triangles": [[0, 1, 4], [0, 2, 4], [2, 3, 4], [1, 3, 4]]
  }
  
]
